City name;Airport Code;Airport Name
Aberdeen;APG;Phillips AAF
Aberdeen;ABR;Municipal
Abilene;DYS;Dyess AFB
Abilene;ABI;Municipal
Abingdon;VJI;Virginia Highlands
Ada;ADT;Ada
Adak Island;ADK;Adak Island NS
Adrian;ADG;Lenawee County
Afton;AFO;Municipal
Aiken;AIK;Municipal
Ainsworth;ANW;Ainsworth
Akhiok;AKK;Akhiok SPB
Akiachak;KKI;Spb
Akiak;AKI;Akiak
Akron;AKO;Washington Co
Akron/Canton;CAK;Akron/Canton Regional
Akron/Canton;AKC;Fulton International
Akutan;KQA;Akutan
Alakanuk;AUK;Alakanuk
Alameda;NGZ;NAS
Alamogordo;HMN;Holloman AFB
Alamogordo;ALM;Municipal
Alamosa;ALS;Municipal
Albany;NAB;Albany NAS
Albany;ABY;Dougherty County
Albany;ALB;Albany International
Albany;ZLY;Albany NY Rail
Albany;CVO;Albany
Albert Lea;AEL;Albert Lea
Albuquerque;ABQ;Albuquerque International
Aleknagik;WKK;Aleknagik
Aleneva;AED;Aleneva
Alexander City;ALX;Thomas C Russell Fld
Alexandria;AEX;Alexandria Internation
Alexandria;ESF;Esler Field
Alexandria;AXN;Alexandria
Alexandria Bay;AXB;Alexandria Bay
Algona;AXG;Algona
Alice;ALI;International
Aliceville;AIV;George Downer
Alitak;ALZ;Alitak SPB
Allakaket;AET;Allakaket
Alliance;AIA;Alliance
Alma;AMN;Gratiot Community
Alpena;APN;Alpena County Regional
Alpine;ALE;Alpine
Alton;ALN;Alton
Altus;LTS;Altus AFB
Altus;AXS;Municipal
Alyeska;AQY;Alyeska
Amarillo;AMA;International
Amarillo;TDW;Tradewind
Ambler;ABL;Ambler
Amchitka;AHT;Amchitka
Amery;AHH;Municipal
Ames;AMW;Ames
Amityville;AYZ;Zahns
Amook;AOS;Amook
Anacortes;OTS;Anacortes
Anacostia;NDV;USN Heliport
Anaheim;ANA;Anaheim
Anaktuvuk;AKP;Anaktuvuk
Anchorage;EDF;Elmendorf AFB
Anchorage;ANC;Ted Stevens Anchorage Int'l
Anchorage;MRI;Merrill Field
Anderson;AID;Municipal
Anderson;AND;Anderson
Andrews;ADR;Andrews
Angel Fire;AXX;Angel Fire
Angola;ANQ;Tri-State Steuben Cty
Angoon;AGN;Angoon
Anguilla;RFK;Rollang Field
Aniak;ANI;Aniak
Anita Bay;AIB;Anita Bay
Ann Arbor;ARB;Municipal
Annapolis;ANP;Lee
Annette Island;ANN;Annette Island
Anniston;ANB;County Arpt
Anniston;QAW;Ft Mcclellan Bus Trml
Anniston;RLI;Reilly AHP
Anthony;ANY;Anthony
Antlers;ATE;Antlers
Anvik;ANV;Anvik
Apalachicola;AAF;Municipal
Apple Valley;APV;Apple Valley
Appleton;ATW;Outagamie County
Arapahoe;AHF;Municipal
Arcata;ACV;Arcata
Arctic Village;ARC;Arctic Village
Ardmore;AHD;Downtown
Ardmore;ADM;Ardmore Municipal Arpt
Arlington Heights;JLH;US Army Heliport
Artesia;ATS;Artesia
Neptune, NJ;ARX;Asbury Park
Ashland;ASX;Ashland
Ashley;ASY;Ashley
Aspen;ASE;Aspen
Astoria;AST;Astoria
Athens;AHN;Athens
Athens;ATO;Ohio University
Athens;MMI;McMinn County
Atka;AKB;Atka
Atlanta;JAO;Beaver Ruin
Atlanta;PDK;De Kalb/Peachtree
Atlanta;FTY;Fulton County
Atlanta;JGL;Galleria
Atlanta;ATL;Hartsfield-Jackson Atlanta Int
Atlanta;JAJ;Perimeter Mall
Atlanta;JAE;Technology Park
Atlantic;AIO;Municipal
Atlantic City;ACY;Atlantic City Intl
Atlantic City;AIY;Bader Field
Atlantic City;JSL;Steel Pier Hlpt
Atmautluak;ATT;Atmautluak
Atqasuk;ATK;Atqasuk
Attu Island;ATU;Casco Cove
Auburn;AUO;Auburn-Opelika
Auburn;AUN;Auburn
Augusta;AGS;Bush Field
Augusta;DNL;Daniel Field
Augusta;AUG;Augusta
Aurora;AUZ;Municipal Airport
Austin;AUM;Austin
Austin;ASQ;Austin
Austin;MMR;Camp Maybry AHP
Avon Park;AVO;Municipal
Baca Grande;BCJ;Baca Grande
Bagdad;BGT;Bagdad
Bainbridge;BGE;Decatur County
Baker;BKE;Baker
Baker Island;BAR;Baker AAF
Bakersfield;BFL;Meadows Field
Baltimore;GBO;Baltimore Greenbelt T
Baltimore;ZBP;Baltimore Rail
Baltimore;MTN;Glenn L Martin
Bandon;BDY;State
Bangor;BGR;International
Banning;BNG;Banning
Bar Harbor;BHB;Bar Harbor
Baranof;BNF;Warm Spring Bay SPB
Barbers Point;NAX;Barbers Point
Bardstown;BRY;Samuels Field
Barnwell;BNL;Barnwell County
Barrow;PBA;Point Barrow
Barrow;BRW;Wiley Post/W.Rogers M
Barter Island;BTI;Barter Island
Bartlesville;BVO;Bartlesville
Bartletts;BSZ;Bartletts
Bartow;BOW;Bartow
Batesville;BVX;Municipal
Batesville;HLB;Hillenbrand
Baton Rouge;EBR;Downtown
Baton Rouge;BTR;Ryan
Battle Creek;BTL;WK Kellogg Regional
Battle Mountain;BAM;Lander County
Baudette;BDE;Baudette
Bay City;BBC;Bay City
Baytown;HPY;Baytown
Bear Creek;BCC;Bear Creek
Beatrice;BIE;Beatrice
Beatty;BTY;Beatty
Beaufort;BFT;County
Beaumont;BMT;Beaumont Muni
Beaumont;BPT;Jefferson County
Beaver;WBQ;Beaver
Beaver Falls;BFP;Beaver Falls
Beaver Inlet;BVD;Sea Port
Beckley;BKW;Beckley
Bedford;BFR;Virgil I Grissom Muni
Bedford/Hanscom;BED;Hanscom Field
Beeville;NIR;Chase Field NAS
Bell Island;KBE;Hot Springs SPB
Bellaire;ACB;Antrim County
Belle Chasse;BCS;Southern Seaplane
Bellefonte;PSB;Bellefonte
Belleville;BLV;Belleville
Bellingham;BLI;Bellingham
Belmar;BLM;Monmouth County
Beluga;BVU;Beluga
Bemidji;BJI;Bemidji
Bennettsville;BTN;Bennettsville
Benson;BBB;Municipal
Benton Harbor;BEH;Ross Field
Berkeley;JBK;Berkeley
Berlin;BML;Berlin
Bethel;BET;Bethel Airport
Bethel;JBT;City Landing
Bethpage;BPA;Grumman
Bettles;BTT;Bettles
Beverly;BVY;Beverly
Bhurban;BHC;Bhurban Heliport
Big Bear;RBF;Big Bear City Arpt
Big Creek;BIC;Big Creek
Big Delta;BIG;Intermediate Field
Big Lake;BGQ;Big Lake
Big Mountain;BMX;Big Mountain
Big Piney;BPI;Big Piney-marbleton
Big Rapids;WBR;Big Rapids
Big Spring;HCA;Howard County
Big Spring;BGS;Webb AFB
Billings;BIL;Billings
Biloxi;BIX;Keesler AFB
Birch Creek;KBC;Birch Creek
Birmingham;BHM;Birmingham
Bisbee;BSQ;Bisbee Municipal Arpt
Bishe-Kola;BSM;Bishe-Kola
Bishop;BIH;Bishop
Bismarck;BIS;Bismarck
Blacksburg;BCB;Virginia Tech
Blackstone;BKT;Blackstone AAF
Blackwell;BWL;Blackwell
Blaine;BWS;Blaine
Blairsville;BSI;Blairsville
Blakely Island;BYW;Blakely Island
Blanding;BDG;Blanding
Block Island;BID;Block Island
Bloomington;BMG;Bloomington
Bloomington-Normal;BMI;Bloomington-Normal
Blue Bell;BBX;Wings Field
Blue Canyon;BLU;Blue Canyon
Blue Fox Bay;BFB;Blue Fox Bay
Blythe;BLH;Blythe
Blytheville;BYH;Blytheville AFB
Blytheville;HKA;Municipal
Boca Raton;BCT;Public
Bogalusa;BXA;George R Carr
Boise;BOI;Air Term. (Gowen Fld)
Boone;BNW;Boone
Borger;BGD;Borger
Bornite;RLU;Bornite Upper
Borrego Springs;BXS;Borrego Springs
Boston;ZTY;Boston BKBAY Rail
Boston;JBC;Boston City Heliport
Boston;ZRU;Boston RT128 Rail
Boston;ZTO;Boston South Rail
Boston;BOS;Logan International
Boswell Bay;BSW;Boswell Bay
Boulder;WBI;Broker Inn
Boulder;WHH;Hiltons Har H
Boulder;WBU;Municipal
Boulder City;BLD;Boulder City
Boundary;BYA;Boundary
Bountiful;BTF;Salt Lake Skypark
Bowling Green;BWG;Warren County
Bowling Green;APH;Camp A P Hill
Bowman;BWM;Bowman
Boxborough;BXC;Boxborough
Bozeman;BZN;Gallatin Field
Bradford;BDF;Rinkenberger
Bradford;BFD;Bradford
Brady;BBD;Curtis Field
Brainerd;BRD;Crow Wing County
Branson/Point Lookout;PLK;M Graham Clark
Brawley;BWC;Brawley
Brazoria;BZT;Hinkles Ferry
Breckenridge;QKB;Van Service
Breckenridge;BKD;Stephens County
Bremerton;PWT;Bremerton
Bridgeport;BDR;Igor I. Sikorsky Mem.
Brigham City;BMC;Brigham City
Britton;TTO;Municipal
Broadus;BDX;Broadus
Broken Bow;BBW;Broken Bow
Brookings;BOK;Brookings State
Brookings;BKX;Brookings
Brooks Lake;BKF;Brooks Lake
Brooks Lodge;RBH;Brooks Lodge
Broomfield;BJC;Jeffco
Brownsville;BRO;South Padre Is. Intl
Brownwood;BWD;Brownwood
Brunswick;BQK;Glynco Jetport
Brunswick;SSI;Mckinnon
Brunswick;NHZ;NAS
Bryan;CFD;Coulter Field
Bryce;BCE;Bryce
Buckeye;BXK;Buckeye
Buckland;BKC;Buckland
Buffalo;ZFZ;Buffalo Depew Rr
Buffalo;ZXS;ExchangeSt Railway Svc
Buffalo;BYG;Municipal
Bullfrog Basin;BFG;Bullfrog Basin
Bullhead City;IFP;Laughlin Bullhead Intl
Burbank;BUR;Bob Hope
Burlington;BRL;Burlington
Burlington;BBF;Burlington
Burlington;BTV;International
Burns;BNO;Burns
Burwell;BUB;Municipal
Butler;BUM;Butler
Butler;BTP;Graham Field
Butte;BTM;Butte
Cabin Creek;CBZ;Cabin Creek
Cadillac;CAD;Cadillac
Cairo;CIR;Cairo
Caldwell;CDW;Caldwell Wright
Calexico;CXL;International
Calipatria;CLR;Calipatria
Callaway Gardens;CWG;Callaway Gardens
Calverton;CTO;Peconic River
Cambridge;JHY;Hyatt Regency H/P
Cambridge;CGE;Cambridge
Camden;CDH;Harrell Fld
Camden;CDN;Woodward Fld
Camp Douglas;VOK;Volk Field
Camp Springs;ADW;Andrews AFB
Camp Springs;NSF;Andrews NAF
Campo;CZZ;Campo
Candle;CDL;Candle
Canon City;CNE;Canon City
Canton;CTK;Canton
Cape Girardeau;CGI;Cape Girardeau
Cape Lisburne;LUR;Cape Lisburne
Cape Newenham;EHM;Cape Newenham
Cape Pole;CZP;Cape Pole
Cape Romanzof;CZF;Cape Romanzof
Cape Spencer;CSP;Coast Guard Heliport
Carbondale;MDH;Southern Illinois
Caribou;CAR;Municipal
Carlsbad;CNM;Carlsbad
Carrizo Springs;CZT;Carrizo Springs
Carroll;CIN;Carroll
Carson City;CSN;Carson City
Casa Grande;CGZ;Municipal
Cascade Locks;CZK;Cascade Locks/Stevens
Casper;CPR;Casper
Catalina Island;CIB;Ap In The Sky
Catalina Island;SXC;Avalo Vor/WP
Catalina Island;AVX;Avalon Bay
Catalina Island;TWH;Two Harbors
Cedar City;CDC;Cedar City
Cedar Key;CDK;Lewis
Cedar Rapids;CID;Cedar Rapids
Center Island;CWS;Center Island
Centerville;GHM;Municipal
Central;CEM;Central
Centralia;ENL;Municipal
Chadron;CDR;Chadron
Chalkyitsik;CIK;Chalkyitsik
Challis;CHL;Challis
Champaign;CMI;University Of Illinois Willard
Chandalar;WCR;Chandalar
Chandler;SLJ;Stellar Air Park
Chandler;CHD;Williams AFB
Chanute;CNU;Martin Johnson
Charles City;CCY;Municipal
Charleston;CHS;AFB Municipal
Charleston;CRW;Yeager
Charlotte;CLT;Douglas
Charlotte;QWG;Wilgrove Air Park
Charlottesville;CHO;Albemarle
Chatham;CYM;Chatham SPB
Chattanooga;CHA;Lovell Field
Chefornak;CYF;Chefornak SPB
Chehalis;CLS;Centralia
Chena Hot Springs;CEX;Chena Hot Springs
Cheraw;HCW;Cheraw
Chernofski;KCN;SPB
Cherokee;CKK;Cherokee
Cherokee;CKA;Kegelman Af
Chesapeake;HTW;Huntington County
Chevak;VAK;Chevak
Cheyenne;CYS;Cheyenne
Cheyenne;FEW;Warren AFB
Chicago;CHI;Chicago FSS
Chicago;NOH;Chicago NAS
Chicago;RFD;Chicago Rockford
Chicago;DPA;Dupage County
Chicago;GYY;Gary Regional
Chicago;CGX;Merrill C Meigs
Chicago;MDW;Midway
Chicago;PWK;Pal-Waukee
Chickasha;CHK;Municipal
Chicken;CKX;Chicken
Chico;CIC;Chico
Chignik;KCQ;Chignik
Chignik;KBW;Chignik Bay
Chignik;KCG;Fisheries
Chignik;KCL;Lagoon
Childress;CDS;Childress
Chiloquin;CHZ;State
Chincoteague;WAL;Wallops Flight Center
Chino;CNO;Chino
Chisana;CZN;Chisana Field
Chisholm;HIB;Chisholm
Chistochina;CZO;Chistochina
Chitina;CXC;Chitina Arpt
Chomley;CIV;Chomley
Chuathbaluk;CHU;Chuathbaluk
Cincinnati;CVG;Cinci./Nrthrn Kentucky
Cincinnati;LUK;Municipal
Cinder River;RCP;Cinder River
Circle;IRC;Circle City
Circle Hot Springs;CHP;Circle Hot Springs
Claremont;CNH;Municipal
Clarinda;ICL;Municipal
Clarks Point;CLP;Clarks Point
Clarksburg;CKB;Benedum
Clarksdale;CKM;Fletcher Field
Clarksville;CKV;Outlaw Field
Clayton;CAO;Clayton
Clear Lake;CKE;Clear Lake
Clearlake;CLC;Metroport
Clearwater;CLW;Executive
Clemson;CEU;Oconee County
Cleveland;BKL;Burke Lakefront
Cleveland;CGF;Cuyahoga County
Cleveland;CLE;Hopkins International
Clifton;CFT;Morenci
Clinton;CWI;Clinton
Clinton;CTZ;Sampson County
Clinton;CLK;Municipal
Clinton;CSM;Sherman
Clintonville;CLI;Clintonville
Clovis;CVS;Cannon AFB
Clovis;CVN;Municipal
Coalinga;CLG;Coalinga
Coatesville;CTH;Chestercounty Carlson
Cocoa;COI;Merritt Island
Cocoa;COF;Patrick AFB
Cody/Yellowstone;COD;Yellowstone Regional
Coffee Point;CFA;Coffee Point
Coffeyville;CFV;Municipal
Coffman Cove;KCC;Coffman Cove SPB
Colby;CBK;Municipal
Cold Bay;CDB;Cold Bay
Coldfoot;CXF;Coldfoot
Coleman;COM;Coleman
College Park;CGS;College Park
College Station;CLL;Easterwood Field
Colorado Creek;KCR;Colorado Creek
Colorado Springs;FCS;Butts AAF
Colorado Springs;COS;Colorado Springs
Colorado Springs;AFF;USAF Academy
Columbia;COA;Columbia
Columbia;COU;Columbia Regional
Columbia;MMT;Mc Entire ANG Base
Columbia;CAE;Metropolitan Airport
Columbia;CUB;Owens Field
Columbia;MRC;Maury County
Columbus;LSF;Lawson AAF
Columbus;MKF;Mckenna AAF
Columbus;CLU;Columbus Municipal
Columbus;CBM;Columbus AFB
Columbus;GTR;Golden Triangle Reg.
Columbus;UBS;Lowndes County
Columbus;OLU;Columbus
Columbus;CUS;Municipal
Columbus;OSU;Ohio State University
Columbus;CMH;Port Columbus Intl
Columbus;LCK;Rickenbacker
Compton;CPM;Compton
Concord;CCR;Buchanan Fld
Concord;CON;Concord
Concordia;CNK;Blosser Municipal
Connersville;CEV;Mettle Field
Conroe;CXO;Montgomery Co
Cooper Lodge;JLA;Quartz Creek
Cooperstown;COP;Cooperstown
Copper Centre;CZC;Copper Centre
Copper Mountain;QCE;Van Service
Corcoran;CRO;Corcoran
Cordova;CKU;City
Cordova;CDV;Mudhole Smith
Corinth;CRX;Roscoe Turner
Corner Bay;CBA;Corner Bay
Corning;ELM;Corning
Corpus Christi;NGW;Cabaniss Field
Corpus Christi;CUX;Cuddihy Field
Corpus Christi;CRP;International
Corpus Christi;NGP;NAS
Corsicana;CRS;Corsicana
Cortez;CEZ;Montezuma County
Cortland;CTX;Cortland
Cottonwood;CTW;Cottonwood
Cotulla;COT;Cotulla
Council;CIL;Melsing Creek
Council Bluffs;CBF;Municipal
Craig;CGA;Craig SPB
Craig;CIG;Craig-Moffat
Crane;CCG;Crane County Arpt
Crane Island;CKR;Crane Island
Crescent City;CEC;Mc Namara Fld
Crested Butte;CSE;Crested Butte
Creston;CSQ;Municipal
Crestview;CEW;Bob Sikes
Crooked Creek;CKD;Crooked Creek
Crookston;CKN;Municipal
Cross City;CTY;Cross City
Crossett;CRT;Municipal
Crossville;CSV;Memorial
Crows Landing;NRC;Aux Field
Crystal Lake;CYE;Crystal Lake
Cube Cove;CUW;Cube Cove
Culver City;CVR;Hughes
Cumberland;CBE;Wiley Ford
Cushing;CUH;Municipal
Cut Bank;CTB;Cut Bank
Daggett;DAG;Barstow-Daggett
Dahl Creek;DCK;Dahl Creek Arpt
Dahlgren;DGN;NAF
Dalhart;DHT;Dalhart
Dallas;ADS;Addison Airport
Dallas;DNE;Dallas North Airport
Dallas;DFW;Dallas/Ft Worth Intl
Dallas;JDB;Downtown Heliport
Dallas;DAL;Love Field
Dallas;JMD;Market Centre H/P
Dallas;JNH;North Park Inn H/P
Dallas;RBD;Redbird
Dalton;DNN;Municipal
Danbury;DXR;Danbury
Danger Bay;DGB;Danger Bay
Dansville;DSV;Dansville
Danville;DNV;Vermilion County
Danville;DAN;Municipal
Davenport;DVN;Davenport
Dayton;DAY;James Cox Dayton Intl
Dayton;MGY;Montgomery Co
Dayton;FFO;Patterson AFB
Dayton;DWF;Wright AFB
Daytona Beach;DAB;Regional
De Ridder;DRI;Beauregard Parish
Dearborn;DEO;Hyatt Regency H/P
Death Valley;DTH;Death Valley
Decatur;DCU;Pyor
Decatur;DEC;Decatur Arpt
Decatur;DCR;Decatur Hi-Way
Decatur Island;DTR;Decatur Island
Decorah;DEH;Municipal
Deep Bay;WDB;Deep Bay
Deer Park;DPK;Deer Park
Deering;DRG;Deering
Defiance;DFI;Memorial
Del Rio;DRT;International
Del Rio;DLF;Laughlin AFB
Delta;DTA;Delta
Delta Junction;DJN;Delta Junction
Deming;DMN;Deming
Denison;DNS;Municipal
Denver;APA;Arapahoe Co
Denver;BFK;Buckley ANGB
Denver;DEN;Denver International
Des Moines;DSM;Des Moines
Destin;DSI;Destin
Detroit;DET;Detroit City
Detroit;DTW;Wayne County
Detroit;YIP;Willow Run
Detroit Lakes;DTL;Municipal
Devils Lake;DVL;Devils Lake
Dickinson;DIK;Dickinson
Dillingham;DLG;Municipal
Dillon;DLN;Dillon
Dillon;DLL;Dillon
Diomede Island;DIO;Diomede Island
Dodge City;DDC;Dodge City Municipal
Dolomi;DLO;Dolomi
Dora Bay;DOF;Dora Bay
Dothan;DHN;Dothan Arpt
Douglas;DUG;Bisbee-Douglas Intl
Douglas;DGL;Douglas Municipal
Douglas;DGW;Converse County
Douglas;DGF;Bisbee-douglas International
Dover-Cheswold;DOV;Dover AFB
Downey;JDY;Heliport
Doylestown;DYL;Doylestown
Drift River;DRF;Drift River
Drummond;DRU;Drummond
Drummond Island;DRE;Drummond Island
Dublin;DBN;Municipal
Dublin;PSK;New River Valley
Dubois;DBS;Dubois
Dubois;DUJ;Jefferson County
Dubuque;DBQ;Municipal
Duck;DUF;Pine Island Airport
Dugway;DPG;Michael AAF
Duluth;DLH;Duluth International
Duluth;LKI;Lakeside USAF
Duncan;DUC;Halliburton Field
Dunkirk;DKK;Dunkirk
Durango;AMK;Animas Airpark
Durango;DRO;La Plata
Durant;DUA;Eaker
Dutch Harbor;DUT;Emergency Field
Eagle;EAA;Eagle
Eagle Lake;ELA;Eagle Lake
Eagle Pass;EGP;Maverick Co
Eagle River;EGV;Eagle River
East Fork;EFO;East Fork
East Hampton;HTO;East Hampton
East Hartford;EHT;Rentschler
East Stroudsburg;ESP;Birchwood-Pocono
East Tawas;ECA;Emmet County Airport
Eastland;ETN;Municipal
Easton;ESN;Easton
Easton;ESW;State
Eastsound;ESD;Orcas Island
Eau Claire;EAU;Eau Claire
Edenton;EDE;Municipal
Edgewood;EDG;Weide AAF
Edna Bay;EDA;Edna Bay
Edwards AFB;EDW;Edwards AFB
Eek;EEK;Eek
Egegik;EGX;Egegik
Eight Fathom Bight;EFB;Eight Fathom Bight
Ekuk;KKU;Ekuk
Ekwok;KEK;Ekwok
El Cajon;CJN;El Cajon
El Centro;NJK;NAF
El Dorado;ELD;Goodwin Field
El Dorado;EDK;El Dorado
El Monte;EMT;El Monte
El Paso;BIF;Biggs AAF
El Paso;ELP;International
Eldred Rock;ERO;Coast Guard
Elfin Cove;ELV;Elfin Cove SPB
Elim;ELI;Elim
Elizabeth City;ECG;Elizabeth City
Elizabethtown;EKX;Elizabethtown
Elk City;ELK;Municipal
Elkhart;EKI;Municipal
Elkins;EKN;Elkins
Elko;EKO;Elko
Ellamar;ELW;Ellamar
Ellensburg;ELN;Bowers Field
Ely;LYU;Ely
Ely;ELY;Yelland
Emeryville;JEM;Heliport
Emmonak;EMK;Emmonak
Emporia;EMP;Emporia
Endicott;BGM;Endicott
Enid;WDG;Enid Woodring Mun.
Enid;END;Vance AFB
Enterprise;ETS;Municipal
Ephrata;EPH;Ephrata
Erie;ERI;International
Errol;ERR;Errol
Escanaba;ESC;Delta County Arpt
Espanola;ESO;Espanola
Estherville;EST;Municipal
Eufaula;EUF;Weedon Field
Eugene;EUG;Eugene
Eunice;UCE;Eunice
Eureka;EKA;Murray Field
Eureka;EUE;Eureka
Evadale;EVA;Landing Strip
Evanston;EVW;Evanston
Evansville;EVV;Dress Regional
Eveleth;EVM;Eveleth
Everett;PAE;Snohomish County
Excursion Inlet;EXI;SPB
Fairbanks;EIL;Eielson AFB
Fairbanks;FBK;Ft Wainwright
Fairbanks;FAI;International
Fairbanks;MTX;Metro Field
Fairbanks;PII;Phillips Field
Fairbury;FBY;Municipal
Fairfield;SUU;Travis AFB
Fairfield;FFL;Municipal
Fairmont;FRM;Fairmont
Fallon;FLX;Municipal
Fallon;NFL;NAS
Falls Bay;FLJ;Falls Bay
Falmouth;FMH;Otis AFB
False Island;FAK;False Island
False Pass;KFP;False Pass
Farewell;FWL;Farewell
Fargo;FAR;Hector Field
Faribault;FBL;Municipal
Farmingdale;FRG;Republic Field
Farmington;FAM;Regional
Farmington;FMN;Municipal
Fayetteville;FYV;Municipal (Drake Fld)
Fayetteville;XNA;Northwest Arkansas Rgn
Fayetteville;FAY;Municipal
Fayetteville;POB;Pope AFB
Fayetteville;FYM;Municipal
Fergus Falls;FFM;Fergus Falls
Fillmore;FIL;Municipal
Fin Creek;FNK;Fin Creek
Findlay;FDY;Findlay
Fire Cove;FIC;Fire Cove
Fishers Island;FID;Elizabeth Field
Five Finger;FIV;Five Finger
Five Mile;FMC;Five Mile
Flat;FLT;Flat
Flaxman Island;FXM;Flaxman Island
Flint;FNT;Bishop
Flippin;FLP;Flippin
Florence;FLO;Florence
Foley;NHX;Barin Olf Osn
Fond Du Lac;FLD;Fond Du Lac
Forest City;FXY;Municipal
Forest Park;FOP;Morris AAF
Forrest City;FCY;Municipal
Fort Belvoir;DAA;Davison AAF
Fort Bragg;FOB;Fort Bragg
Fort Bragg;FBG;Simmons AAF
Fort Bridger;FBR;Fort Bridger
Fort Chaffee;CCA;Chaffee AFB
Fort Collins/Loveland;QWF;Fort Collins Bus Servi
Fort Collins/Loveland;FNL;Municipal Airport
Fort Devens;AYE;AAF Heliport
Fort Dix;WRI;Mc Guire AFB
Fort Dodge;FOD;Fort Dodge
Fort Eustis;FAF;Felker AAF
Fort Indiantown;MUI;Muir AAF
Fort Irwin;BYS;Bicycle Lake AAF
Fort Jefferson;RBN;Fort Jefferson
Fort Knox;FTK;Godman AAF
Fort Lauderdale;FXE;Executive
Fort Lauderdale;FLL;International
Fort Leavenworth;FLV;Sherman AAF
Fort Leonard Wood;TBN;Forney AAF
Fort Madison;FMS;Municipal
Fort Meade;FME;Tipton AAF
Fort Myers;FMY;Page Field
Fort Myers;RSW;Southwest Florida Reg
Fort Pierce;FPR;St Lucie County
Fort Polk;POE;Polk AAF
Fort Richardson;FRN;Bryant AAF
Fort Riley;FRI;Marshall AAF
Fort Scott;FSK;Municipal
Fort Sheridan;FSN;Haley AAF
Fort Sill;FSI;Henry Post AAF
Fort Smith;FSM;Municipal
Fort Stockton;FST;Pecos County
Fort Sumner;FSU;Fort Sumner
Fort Wayne;FWA;Municipal/Baer Field
Fort Wayne;SMD;Smith Field
Fort Worth;FWH;Carswell AFB
Fort Worth;AFW;Fort Worth Alliance
Fort Worth;FTW;Meacham Field
Fort Yukon;FYU;Fort Yukon
Fortuna Ledge;FTL;Fortuna Ledge
Fox;FOX;Fox
Frankfort;FFT;Capital City
Franklin;FKL;Chess-Lambertin
Franklin;FKN;Municipal
Frederick;FDK;Municipal
Frederick;FDR;Municipal
Freeport;FEP;Albertus
Fremont;FET;Municipal
French Lick;FRH;Municipal
Frenchville;WFK;Frenchville
Fresh Water Bay;FRP;Fresh Water Bay
Fresno;FAT;Airterminal
Fresno;FCH;Fresno-Chandler
Friday Harbor;FRD;Friday Harbor
Friday Harbor SPB;FBS;Friday Harbor SPB
Fort Myers, Florida;FRR;Fort Meyers
Fryeburg;FRY;Fryeburg
Fullerton;FUL;Municipal
Funter Bay;FNR;SPB
Gabbs;GAB;Gabbs
Gadsden;GAD;Municipal
Gage;GAG;Gage
Gainesville;GNV;Gainesville Regional
Gainesville;GVL;Lee Gilmer Memorial
Gainesville;GLE;Municipal
Gaithersburg;GAI;Montgomery County
Gakona;GAK;Gakona
Galbraith Lake;GBH;Galbraith Lake
Galena;GAL;Galena
Galesburg;GBG;Galesburg
Galion;GQQ;Galion
Gallup;GUP;Senator Clark
Galveston;GLS;Scholes Field
Gambell;GAM;Gambell
Ganes Creek;GEK;Ganes Creek
Garden City;GCK;Municipal Airport
Garden City;JHC;Island Heliport
Gardner;GDM;Municipal
Gatlinburg;GKT;Gatlinburg
Gaylord;GLR;Otsego County
Georgetown;GED;Sussex County
Georgetown;GGE;Georgetown
Gettysburg;GTY;Gettysburg
Gillette;GCC;Campbell County
Glacier Creek;KGZ;Glacier Creek
Gladwin;GDW;Gladwin
Glasgow;GLW;Municipal
Glasgow;GGW;International
Glendale;JGX;Heliport
Glendale;GWV;Glendale
Glendive;GDV;Dawson Community
Glennallen;GLQ;Glennallen
Glens Falls;GFL;Warren County
Glenview;NBU;NAS
Glenwood Springs;GWS;Glenwood Springs
Glynco;NEA;Brunswick Golden Isles
Gold Beach;GOL;State
Golden Horn;GDH;SPB
Goldsboro;GSB;Seymour Johnson AFB
Golovin;GLV;Golovin
Gooding;GNG;Gooding
Goodland;GLD;Renner Field
Goodnews Bay;GNU;Goodnews Bay
Goodyear;GYR;Litchfield
Gordon;GRN;Gordon
Gordonsville;GVE;Municipal
Goshen;GSH;Goshen
Grand Canyon;JGC;Heliport
Grand Canyon;GCN;National Park
Grand Canyon;NGC;North Rim
Grand Canyon;FLG;Pulliam Field
Grand Forks;GFK;Grand Forks
Grand Island;GRI;Grand Island
Grand Junction;GJT;Walker Field
Grand Marais;GRM;Devils Track
Grand Rapids;GRR;Kent County Intl
Grand Rapids;GPZ;Grand Rapids
Grandview;GVW;Richards-Gebaur
Granite Mountain;GMT;Granite Mountain
Grants;GNT;Milan
Grantsburg;GTG;Municipal
Grayling;KGX;Grayling
Great Barrington;GBR;Great Barrington
Great Bend;GBD;Great Bend
Great Falls;GTF;International
Great Falls;GFA;Malmstrom AFB
Greeley;GXY;Weld County
Green Bay;GRB;Austin-straubel Field
Green River;RVR;Green River
Greenfield;GFD;Pope Field
Greenville;GRE;Municipal
Greenville;GLH;Greenville
Greenville;PGV;Pitt-Greenville
Greenville;GDC;Donaldson Center
Greenville;GMU;Downtown
Greenville;GSP;Greenville-Spartanbur
Greenville;GCY;Municipal
Greenville;GVT;Majors Field
Greenwood;GWO;Leflore
Greenwood;GRD;Greenwood
Greybull;GEY;South Big Horn County
Groton;ZGD;New London Rail
Gulf Shores;GUF;Edwards
Gulfport;GPT;Biloxi Regional
Gulkana;GKN;Gulkana
Gunnison;GUC;Gunnison
Gustavus;BQV;Bartlett SPB
Gustavus;GST;Gustavus Arpt
Guthrie;GOK;Guthrie
Guymon;GUY;Guymon
Hagerstown;HGR;Wash. County Regional
Haines;HNS;Municipal
Half Moon;HAF;Half Moon
Hamilton;HAB;Marion County
Hamilton;HAO;Hamilton
Hampton;HPT;Municipal
Hampton;LFI;Langley AFB
Hampton;ZWW;Newport News Rail
Hampton;ZWB;Williamsburg Rail
Hana;HNM;Hana
Hanapepe;PAK;Port Allen
Hancock;CMX;Houghton County
Hanksville;HVE;Intermediate
Hanna;HNX;Hanna
Hanus Bay;HBC;Hanus Bay
Harlingen;HRL;Valley International
Harrisburg;HSB;Raleigh
Harrisburg;MDT;Harrisburg Intl
Harrisburg;ZUG;Harrisburg Rail
Harrisburg;HAR;Harrisburg Skyport
Harrison;HRO;Boone County
Hartford;BNH;Barnes
Hartford;HFD;Brainard
Hartford;ZRT;Hartford CT Rail
Hartsville;HVS;Municipal
Hastings;HSI;Hastings
Hatteras;HNC;Hatteras
Hattiesburg;HBG;The Hattiesburg-Bobby L. Chain Mun.
Havasupai;HAE;Havasupai
Havre;HVR;City County
Hawk Inlet;HWI;SPB
Hawthorne;HHR;Hawthorne
Hawthorne;HTH;Hawthorne
Haycock;HAY;Haycock
Hayden;HDN;Yampa Valley
Hays;HYS;Municipal
Hayward;HWD;Air Terminal
Hayward;HYR;Municipal
Hazleton;HZL;Hazleton
Healy Lake;HKB;Healy Lake
Helena;HEE;Thompson-Robbins
Helena;HLN;Helena
Hemet;HMT;Ryan Field
Fletcher;AVL;Asheville Regional Airport
Herendeen;HED;Herendeen
Herlong;AHC;Amedee AAF
Hermiston;HES;State
Hickory;HKY;Hickory
Hidden Falls;HDA;Hidden Falls
High Point;GSO;Piedmont Triad Intl
Hill City;HLC;Hill City
Hillsboro;HIO;Portland
Hilo;ITO;Hilo International
Hilton Head;HHH;Hilton Head
Hinesville;LIY;Wright AAF
Hobart;HBR;Hobart
Hobart Bay;HBH;Hobart Bay
Hobbs;HBB;Industrial Airpark
Hobbs;HOB;Lea County
Hoffman;HFF;Mackall AAF
Hogatza;HGZ;Hogatza
Holdrege;HDE;Brewster Field
Holikachu;HOL;Holikachu
Holland;HLM;Park Township
Hollis;HYL;SPB
Hollister;HLI;Hollister
Hollywood;HWO;North Perry
Holy Cross;HCR;Holy Cross
Homer;HOM;Homer
Homeshore;HMS;Homeshore
Homestead;HST;AFB
Honolulu;HIK;Hickam AFB
Honolulu;HNL;International
Hoolehua;MKK;Molokai
Hoonah;HNH;Hoonah
Hooper Bay;HPB;Hooper Bay
Hopkinsville;HOP;Campbell AAF
Hoquiam;HQM;Bowerman
Hot Springs;HOT;Memorial Field
Hot Springs;HSP;Ingalls Field
Houghton;HTL;Roscommon County
Houlton;HUL;International
Houma;HUM;Terrebonne
Houston;AAP;Andrau Airpark
Houston;JDX;Central Bus. District
Houston;DWH;David Wayne Hooks
Houston;EFD;Ellington Field
Houston;IAH;George Bush Intercntl.
Houston;JGP;Greenway Plaza H/P
Houston;HOU;Hobby
Houston;JMA;Marriot Astrodome
Houston;JPT;Park Ten Heliport
Houston;SPX;Spaceland
Houston;JGQ;Transco Twr Galleria
Houston;IWS;West Houston
Houston;JWH;Westchase Hilton H/P
Houston;JWL;Woodlawns
Hudson;HCC;Columbia County
Hughes;HUS;Municipal
Hugo;HUJ;Hugo
Humboldt;HUD;Humboldt
Humboldt;HBO;Municipal
Huntingburg;HNB;Municipal
Huntington;HTS;Tri-State/Milton
Huntsville;HUA;Redstone AAF
Huntsville;HSV;Huntsville
Huron;HON;Howes
Huslia;HSL;Huslia
Hutchinson;HUT;Hutchinson
Hyannis;HYA;Barnstable
Hydaburg;HYG;SPB
Hyder;WHD;SPB
Icy Bay;ICY;Icy Bay
Ida Grove;IDG;Municipal
Idaho Falls;IDA;Fanning Field
Igiugig;IGG;Igiugig
Iliamna;ILI;Iliamna
Immokalee;IMM;Immokalee
Imperial;IPL;Imperial County
Imperial;IML;Imperial
Imperial Beach;NRS;NAS
Independence;IDP;Independence
Indian Springs;INS;Af Aux
Indiana;IDI;Indiana
Indianapolis;IND;International
International Falls;INL;Falls Intl
Inyokern;IYK;Kern County
Iowa City;IOW;Iowa City
Iowa Falls;IFA;Iowa Falls
Iraan;IRB;Municipal
Iron Mountain;IMT;Ford
Ironwood;IWD;Gogebic County
Isabel Pass;ISL;Isabel Pass
Islip;ISP;Long Island Macarthur
Ithaca;ITH;Tompkins County
Ivanof Bay;KIB;SPB
Ivishak;IVH;Ivishak
Jackpot;KPT;Jackpot
Jackson;JXN;Reynolds Municipal
Jackson;MJQ;Jackson
Jackson;HKS;Hawkins Field
Jackson;JAN;Jackson-Evers
Jackson;MKL;Mckellar
Jackson;JAC;Jackson Hole
Jacksonville;LRF;Little Rock Afb
Jacksonville;NZC;Cecil Field NAS
Jacksonville;CRG;Craig Municipal
Jacksonville;JAX;International
Jacksonville;NIP;Jacksonville NAS
Jacksonville;IJX;Municipal
Jacksonville;OAJ;Albert J Ellis
Jacksonville;JKV;Jacksonville
Jaffrey;AFN;Municipal
Jahrom;JAR;Jahrom
Jamestown;JMS;Jamestown
Jamestown;JHW;Jamestown
Janesville;JVL;Rock County
Jasper;APT;Marion County
Jasper;JAS;County
Jefferson;EFW;Municipal
Jefferson;JFN;Ashtabula
Jefferson City;JEF;Memorial
John Day;JDA;John Day
Johnson;JCY;Johnson
Johnson City;TRI;Tri-Cities Regional
Johnstown;JST;Cambria County
Joliet;JOT;Municipal
Jolon;HGT;Hunter AAF
Jonesboro;JBR;Jonesboro
Joplin;JLN;Joplin
Jordan;JDN;Jordan
Junction;JCT;Kimble County
Juneau;JNU;Boundary Bay
Juneau;UNU;Dodge County
Kagvik Creek;KKF;Kagvik Creek
Kahului;OGG;Kahului
Kaiser/Lake Ozark;AIZ;Lee C Fine Memorial
Kake;KAE;SPB
Kakhonak;KNK;Kakhonak
Kalakaket;KKK;Kalakaket AFS
Kalamazoo;AZO;Battle Creek Intl
Kalaupapa;LUP;Kalaupapa
Kalispell;FCA;Glacier National Park
Kalskag;KLG;Municipal
Kaltag;KAL;Kaltag
Kamuela;MUE;Kamuela
Kamusi;KUY;Kamusi Airport
Kanab;KNB;Kanab
Kankakee;IKK;Greater Kankakee
Kansas City;KCK;Fairfax Municipal
Kansas City;MKC;Downtown
Kansas City;MCI;Kansas City International Airport
Kansas City;OJC;Johnson Executive
Kansas City;JCI;Johnson Industrial
Lahaina;JHM;Kapalua
Karluk;KYK;Karluk
Karluk Lake;KKL;Karluk Lake SPB
Kasaan;KXA;Kasaan SPB
Kasigluk;KUK;Kasigluk
Kauai Island;LIH;Lihue
Kauai Island;HPV;Princeville
Kavik;VIK;Airstrip
Kayenta;MVM;Monument Valley
Kearney;EAR;Kearney
Keene;EEN;Dillant-Hopkins
Kekaha;BKH;Barking Sands
Kelly Bar;KEU;Kelly Bar
Kelp Bay;KLP;Kelp Bay
Kelso;KLS;Longview
Kemerer;EMM;Kemerer
Kenai;ENA;Kenai
Kenmore Air Harbor;KEH;Kenmore Air Harbor
Kennett;KNT;Municipal
Kenosha;ENW;Kenosha Regional Airport
Kentland;KKT;Kentland
Keokuk;EOK;Keokuk
Kerrville;ERV;Kerrville
Ketchikan;KTN;International
Ketchikan;WFB;Waterfront SPB
Key Largo;KYL;Port Largo
Key West;EYW;International
Key West;NQX;NAS
Keystone;QKS;Van Service
Kiana;IAN;Bob Barker Memorial
Kilgore;GGG;Kilgore
Kill Devil Hills;FFA;First Flight
Killeen;HLR;Fort Hood AAF
Killeen;GRK;Gray AAF
Killeen;ILE;Municipal
King City;KIC;Mesa Del Rey
King Cove;KVC;King Cove
King Khalid Mil. City;KMC;King Khalid Military
King Of Prussia;KPD;King Of Prussia
King Salmon;AKN;King Salmon
Kingman;IGM;Kingman
Kingsville;NQI;NAS
Kinston;ISO;Stallings Field
Kipnuk;KPN;Kipnuk SPB
Kirksville;IRK;Municipal
Kissimmee;ISM;Kissimmee Gateway
Kitoi Bay;KKB;SPB
Kivalina;KVL;Kivalina
Kizhuyak;KZH;Kizhuyak
Klag Bay;KBK;Klag Bay
Klamath Falls;LMT;Kingsley Field
Klawock;KLW;Klawock
Knoxville;TYS;Mc Ghee Tyson
Kobuk;OBU;Kobuk/Wien
Kodiak;ADQ;Kodiak Airport
Kodiak;WDY;Kodiak Fss
Kodiak;KDK;Municipal
Kokomo;OKK;Kokomo
Kona;KOA;Keahole
Kongiganak;KKH;Kongiganak
Kosciusko;OSX;Attala County
Kotlik;KOT;Kotlik
Kotzebue;OTZ;Kotzebue
Koyuk;KKA;Koyuk
Koyukuk;KYU;Koyukuk
Kulik Lake;LKK;Kulik Lake
Kuparuk;UUK;Kuparuk
Kwethluk;KWT;Kwethluk
Kwigillingok;KWK;Kwigillingok
La Crosse;LSE;Municipal
La Grande;LGD;La Grande
La Grange;LGC;Calloway
La Verne;POC;Brackett Field
Labouchere Bay;WLB;Labouchere Bay
Laconia;LCI;Municipal
Lafayette;LAF;Purdue University
Lake Charles;LCH;Municipal
Lake Geneva;XES;Municipal
Lake Havasu City;HII;Municipal
Lake Jackson;LJN;Brazoria County
Lake Minchumina;LMA;Lake Minchumina
Lake Placid;LKP;Lake Placid
Lakehurst;NEL;Naec
Lakeland;LAL;Municipal
Lakeside;LKS;Lakeside
Lakeview;LKV;Lake County
Lamar;LAA;Lamar Field
Lanai City;LNY;Lanai City
Lancaster;RZH;Quartz Hill
Lancaster;WJF;William J Fox
Lancaster;LNS;Lancaster
Lancaster;ZRL;Lancaster PA Rail
Lander;LND;Hunt Field
Lansing;LAN;Capital City
Laporte;LPO;Municipal
Laramie;LAR;General Brees Field
Laredo;LRD;International
Larsen Bay;KLN;Larsen SPB
Las Cruces;LRU;Municipal
Las Vegas;LVS;Las Vegas
Las Vegas;HSH;Henderson Sky Harbor
Las Vegas;LAS;Mccarran Intl
Las Vegas;LSV;Nellis AFB
Las Vegas;VGT;North Air Terminal
Lathrop;LRO;Sharpe AAF
Lathrop Wells;LTH;Lathrop Wells
Latrobe;LBE;Westmoreland County
Laurel;PIB;Hattiesburg-Laurel Reg
Laurel;LUL;Hesler-Noble Field
Lawrence;LWC;Lawrence
Lawrence;LWM;Lawrence
Lawrenceville;LWV;Municipal
Lawrenceville;LVL;Lawrenceville
Lawton;LAW;Municipal
Leadville;LXV;Leadville
Leesburg;LEE;Leesburg
Lemars;LRJ;Municipal
Lemmon;LEM;Lemmon
Lemoore;NLC;NAS/Reeves Field
Leonardtown;LTW;St Marys County
Levelock;KLL;Levelock
Lewisburg;LWB;Greenbrier Valley
Lewiston;LWS;Nez Perce County Rgnl
Lewiston;LEW;Auburn
Lewistown;LWT;Municipal
Lexington;LEX;Blue Grass
Lexington;LSD;Creech AAF
Lexington;LXN;Lexington
Liberal;LBL;Municipal
Lima;AOH;Allen County
Lime Village;LVD;Lime Village
Limestone;LIZ;Loring AFB
Limon;LIC;Municipal
Lincoln;LNK;Municipal
Lincoln Rock;LRK;Coast Guard
Linden;LDJ;Linden
Little Naukati;WLN;Little Naukati
Little Port Walter;LPW;Little Port Walter
Little Rock;LIT;Regional Airport
Livengood;LIV;Livengood
Livermore;LVK;Livermore
Livingston;LVM;Mission Field
Lock Haven;LHV;W T Piper Memorial
Lockport;LOT;Lewis Lockport
Logan;LGU;Cache
Lompoc;LPC;Lompoc Airport
Lompoc;VBG;Vandenberg AFB
London;LOZ;Corbin-London
Lone Rock;LNR;Tri County
Lonely;LNI;Dew Station
Long Beach;JLB;Heliport
Long Beach;LGB;Long Beach Municipal
Long Island;LIJ;Long Island
Longview;LOG;Longview
Lopez Island;LPS;Lopez Island
Lordsburg;LSB;Lordsburg
Loring;WLR;Loring
Los Alamos;LAM;Los Alamos
Los Angeles;CCD;Century City
Los Angeles;JCX;Citicorp Plaza H/P
Los Angeles;JID;City Of Industry H/P
Los Angeles;JBP;Commerce Bus. Plaza
Los Angeles;LAX;Los Angeles International
Los Angeles;JSN;Sherman Oaks H/P
Los Angeles;JLX;Union Station H/P
Los Angeles;JUC;Universal City H/P
Los Angeles;VNY;Van Nuys
Los Angeles;JWC;Warner Cntr Bus. Plaza
Los Angeles;WHP;Whiteman
Los Banos;LSN;Los Banos
Lost Harbor;LHB;Lost Harbor Sea Port
Lost River;LSR;Lost River
Louisa;LOW;Louisa
Louisburg;LFN;Franklin
Louisville;LOU;Bowman Field
Louisville;LJC;Intercontinental
Louisville;SDF;Standiford Field
Louisville;LMS;Winston County
Lovelock;LOL;Derby Field
Lubbock;LBB;International
Lubbock;REE;Reese AFB
Ludington;LDM;Mason County
Lumberton;LBT;Lumberton
Lusk;LSK;Lusk
Lynchburg;LYH;Preston-Glenn Field
Lyndonville;LLX;Lyndonville
Lyons;LYO;Rice County Municipal
Mackinac Island;MCD;Mackinac Island
Macomb;MQB;Municipal
Macon;MCN;Lewis B Wilson
Macon;WRB;Robins AFB
Macon;MAC;Smart
Madera;MAE;Madera
Madison;MPE;Griswold
Madison;MDN;Jefferson Proving Grd
Madison;XMD;Madison
Madison;MSN;Dane County Regional
Madras;MDJ;City-county
Magnolia;AGO;Municipal
Malad City;MLD;Malad City
Malden;MAW;Malden
Malta;MLK;Malta
Mammoth Lakes;MMH;Mammoth Lakes
Manassas;MNZ;Manassas
Manchester;MHT;Municipal
Manhattan;MHK;Municipal
Manila;MXA;Municipal
Manistee;MBL;Blacker
Manistique;ISQ;Schoolcraft County
Manitowoc;MTW;Municipal
Mankato;MKT;Municipal
Mankato;JMN;Municipal Heliport
Manley Hot Springs;MLY;Manley Hot Springs
Manokotak;KMO;Manokotak SPB
Mansfield;MFD;Lahm Municipal
Manteo;MEO;Dare County Regional
Manti;NTJ;Manti-Ephraim
Manville;JVI;Kupper
Marana;MZJ;Marana
Marathon;MTH;Marathon Flight Strip
Marble Canyon;MYH;Marble Canyon
Marco Island;MRK;Marco Island
Marfa;MRF;Municipal
Marguerite Bay;RTE;Marguerite Bay
Marietta;NCQ;Atlanta NAS
Marietta;MGE;Dobbins AFB
Marion;MWA;Williamson County
Marion;MZZ;Marion
Marion;MNN;Municipal
Marks;MMS;Selfs
Marlborough;MXG;Marlborough
Marquette;MQT;Sawyer International
Marshall;MLL;Marshall
Marshall;MML;Municipal-Ryan Field
Marshall;MHL;Memorial Municipal
Marshall;ASL;Harrison County
Marshalltown;MIW;Municipal
Marshfield;MFI;Municipal
Martinsburg;AOO;Martinsburg
Martinsburg;MRB;Eastern Wv Regional Airport/Shepherd Field
Marysville;BAB;Beale AFB
Marysville;MYV;Yuba County
Mason City;MCW;Mason City
Massena;MSS;Richards Field
Matagorda Island;MGI;Matagorda AFB
Mattoon;MTO;Coles County Memorial
Maxton;MXE;Maxton
May Creek;MYK;May Creek
Mayport;NRB;Ns
Mc Alester;MLC;Mc Alester
Mc Rae;MQW;Telfair-Wheeler
Mccall;MYL;Mccall
Mccarthy;MXY;Mccarthy
Mccomb;MCB;Pike County
Mccook;MCK;Mccook
Mcgrath;MCG;Mcgrath
Mcminnville;RNC;Warren County
Mcpherson;MPR;Mcpherson
Meadville;MEJ;Meadville
Medford;MFR;Jackson County
Medford;MDF;Medford
Medfra;MDR;Medfra
Mekoryuk;MYU;Ellis Field
Melbourne;MLB;Melbourne Intl
Melfa;MFV;Accomack County
Memphis;MEM;International
Memphis;NQA;NAS
Menominee;MNM;Menominee
Merced;MER;Castle AFB
Merced;MCE;Merced Municipal Arpt
Mercury;DRA;Desert Rock
Meridian;MEI;Key Field
Merrill;RRL;Municipal
Mesa;MSC;Falcon Field
Mesquite;MFH;Mesquite
Metlakatla;MTM;SPB
Meyers Chuck;WMK;SPB
Miami;TNT;Dade Collier
Miami;JDM;Downtown Heliport
Miami;MIA;Miami International Airport
Miami;OPF;Opa Locka
Miami;MPB;SPB
Miami;TMB;Tamiami
Miami;MIO;Miami
Michigan City;MGC;Michigan City Arpt
Middleton Island;MDO;Intermediate
Middletown, Ohio;MWO;Hook Field
Midland;MDD;Airpark
Midland;MAF;Odessa Regional
Miles City;MLS;Municipal
Milford;MLF;Milford
Milledgeville;MLJ;Baldwin County
Millinocket;MLT;Millinocket
Millville;MIV;Millville
Milton;NSE;Whiting Field NAS
Milwaukee;ZML;Milwaukee
Milwaukee;MKE;General Mitchell
Milwaukee;MWC;Lawrence J Timmerman
Minchumina;MHM;Intermediate
Minden;MEV;Douglas County
Mineral Wells;CWO;Ft Wolter AAF
Mineral Wells;MWL;Mineral Wells Arpt
Minneapolis;MIC;Crystal
Minneapolis;JDT;Downtown Heliport
Minneapolis;FCM;Flying Cloud
Minneapolis;MSP;St Paul Intl
Minocqua;ARV;Noble F. Lee
Minot;MOT;International
Minot;MIB;Minot AFB
Minto;MNT;Minto
Mission;MFE;Mission
Missoula;MSO;Johnson-Bell Field
Mitchell;MHE;Municipal
Moab;CNY;Canyonlands Field
Moberly;MBY;Moberly
Mobile;BFM;Mob Aerospace
Mobile;MOB;Mobile Regional Arpt
Mobridge;MBG;Mobridge
Modesto;MOD;Municipal
Mojave;MHV;Kern County
Moline;MLI;Quad-City
Monahans;MIF;Roy Hurd Memorial
Monroe;MLU;Municipal
Monroe;MVC;Monroe - Walton County
Montague;SIY;Siskiyou County
Montauk;MTP;Sky Portal
Chicago;OAR;Ohara International
Monterey;MRY;Monterey Peninsula
Montgomery;MGM;Dannelly Fld
Montgomery;GUN;Gunter AFB
Montgomery;MXF;Maxwell AFB
Montgomery;MGJ;Orange County
Monticello;MXO;Municipal
Monticello;MSV;Sullivan County Intl
Monticello;MXC;San Juan County
Montpelier;MPV;Edward F Knapp State
Montrose;MTJ;Montrose County
Montvale;QMV;Montvale
Monument Valley Gldngs;GMV;Monument Valley
Morganton;MRN;Lenoir
Morgantown;MGW;Morgantown
Morrilton;MPJ;Petit Jean Park
Morris;MOX;Municipal
Morristown;MMU;Municipal
Morristown;MOR;Moore-Murrell
Moser Bay;KMY;Moser Bay
Moses Lake;MWH;Grant County
Moses Lake;LRN;Larson AFB
Moses Point;MOS;Intermediate
Moultrie;MUL;Spence
Moultrie;MGR;Thomasville
Mount Holly;LLY;Burlington County
Mount Pleasant;MOP;Municipal
Mount Pleasant;MPS;Mount Pleasant
Mount Shasta;MHS;Rep
Mount Union;MUU;Mount Union
Mount Vernon;MVW;Skagit Regional
Mount Wilson;MWS;Mount Wilson
Mountain Home;WMH;Mountain Home
Mountain Home;MUO;AFB
Mountain View;NUQ;Moffett Field
Mountain Village;MOU;Mountain Village
Mt Clemens;NFB;Detroit NAF
Mt Clemens;MTC;Selfridge ANGB
Mt Mckinley;MCL;Mt Mckinley
Mt Pleasant;MPZ;Municipal
Mt Pleasant;MSD;Mt Pleasant
Mt Pocono;MPO;Mt Pocono
Mt Vernon;MVN;Mt Vernon-Outland
Mullen;MHN;Mullen
Muncie;MIE;Delaware County
Murray;CEY;Calloway County
Muscatine;MUT;Muscatine
Muskegon;MKG;Muskegon
Muskogee;MKO;Davis Field
Muskogee;HAX;Hatbox Field
Myrtle Beach;CRE;Grand Strand Airport
Myrtle Beach;MYR;Myrtle Beach AFB
Nacogdoches;OCH;Nacogdoches
Nacogdoches;LFK;Lufkin Angelina County
Naknek;NNK;Naknek
Nakolik River;NOL;Nakolik River
Nantucket;ACK;Nantucket Memorial
Nanwalek;KEB;Nanwalek
Napa;APC;Napa County
Napakiak;WNA;Napakiak SPB
Napaskiak;PKA;SPB
Naples;APF;Naples
Nashua;ASH;Boire Field
Nashville;BNA;Metropolitan
Natchez;HEZ;Hardy-Anders
Naukiti;NKI;Naukiti
Needles;EED;Needles
Nelson Lagoon;NLG;Nelson Lagoon
Nenana;ENN;Municipal
Neosho;EOS;Neosho
Nephi;NPH;Nephi
Nevada;NVD;Nevada
New Bedford;EWB;New Bedford
New Bern;EWN;Simmons Nott
New Chenega;NCN;New Chenega
New Haven;HVN;New Haven
New Haven;ZVE;New Haven Rail
New Iberia;ARA;Acadiana Regional
New Iberia;LFT;Lafayette Regional
New Koliganek;KGK;New Koliganek
New London;GON;New London
New Orleans;NEW;Lakefront
New Orleans;NBG;NAS/Alvin Callendar
New Philadelphia;PHD;Harry Clever
New Richmond;RNH;Municipal
New Stuyahok;KNW;New Stuyahok
New Ulm;ULM;New Ulm
New York;NBP;Battery Pk City/N. Cov
New York;JRB;Downtown Manhattan H/P
New York;TSS;East 34th St Heliport
New York;NES;East 34th St Landing
New York;JRE;East 60th Street H/P
New York;FLU;Flushing
New York;JFK;John F Kennedy Intl
New York;LGA;La Guardia
New York;QNY;Marine Air Terminal
New York;ZYP;New York Penn STN
New York;NWS;Pier 11/Wall St. SPB
New York;JRA;West 30th St Heliport
New York;WTC;World Trade Center
Newark;ZME;Metropark Rail
Newark;ZRP;Newark NJ Rail
Newburgh;SWF;Stewart
Newcastle;ECS;Mondell
Newport;NWH;Parlin Field
Newport;ONP;Newport
Newport;NPT;State
Newport;EFK;Newport
Newport Beach;JNP;Heliport
Newtok;WWT;Newtok
Newton;TNU;Municipal
Newton;EWK;City-County
Niagara Falls;IAG;International
Niblack;NIE;Niblack
Nichen Cove;NKV;Nichen Cove
Nightmute;NME;Nightmute
Nikolai;NIB;Nikolai
Nikolski;IKO;Nikolski AFS
Niles;NLE;Jerry Tyler Memorial
Ninilchik;NIN;Ninilchik
Noatak;WTK;Noatak
Nogales;OLS;International
Nome;OME;Nome
Nondalton;NNL;Nondalton
Noorvik;ORV;Curtis Memorial
Norfolk;OFK;Stefan Field
Norfolk;ORF;International
Norfolk;NGU;Nas Chambers
Norman;OUN;Max Westheimer
Norridgewock;OWK;Central Maine
North Bend;OTH;North Bend
North Platte;LBF;Lee Bird Field
Northbrook;OBK;Sky Harbor
Northeast Cape;OHC;AFS
Northway;ORT;Northway
Norwalk;ORQ;Heliport
Norwich;OIC;Eaton
Norwood;OWD;Memorial
Novato;NOT;Novato
Nuiqsut;NUI;Nuiqsut
Nulato;NUL;Nulato
Nunapitchuk;NUP;Nunapitchuk
Nyac;ZNC;Nyac
Oahu;HDH;Dillingham Airfield
Oak Harbor;ODW;Oak Harbor
Oakland;JCE;Convention Center H/P
Oakland;OAK;Metropolitan Oak Intl
Oakland;OBT;Oakland/Coliseum Stat
Oaktown;OTN;Green
Ocala;OCF;Taylor Field
Ocean City;OCE;Municipal
Ocean Reef;OCA;Ocean Reef
Oceana;NTU;NAS
Oceanic;OCI;Oceanic
Oceanside;OCN;Municipal
Ogallala;OGA;Searle Field
Ogden;HIF;Hill AFB
Ogden;OGD;Municipal
Ogdensburg;OGS;Ogdensburg
Oil City;OIL;Splane Memorial
Okeechobee;OBE;County
Oklahoma City;DWN;Downtown Airpark
Oklahoma City;TIK;Tinker AFB
Oklahoma City;PWA;Wiley Post
Oklahoma City;OKC;Will Rogers World
Okmulgee;OKM;Okmulgee
Old Harbor;OLH;Old Harbor SPB
Old Town;OLD;Old Town
Olean;OLE;Municipal
Olga Bay;KOY;Olga Bay SPB
Olive Branch;OLV;Olive Branch Arpt
Olney;OLY;Olney-Noble
Olney;ONY;Olney
Olympia;OLM;Olympia
Omaha;OMA;Eppley Airfield
Omak;OMK;Municipal
Oneill;ONL;Municipal
Oneonta;ONH;Municipal
Onion Bay;ONN;Onion Bay
Ontario;ONT;International
Ontario;JIO;Intl Heliport
Ontario;ONO;Ontario
Opelousas;OPL;St Landry Parish
Orange;JOR;The City Heliport
Orangeburg;OGB;Municipal
Orlando;ORL;Orlando Executive
Orlando;MCO;International
Orlando;SFB;Orlando Sanford Intl
Orlando;DWS;Walt Disney World
Oroville;OVE;Oroville
Osage Beach;OSB;Osage Beach
Osceola;OEO;Municipal
Oscoda;OSC;Wurtsmith AFB
Oshkosh;OKS;Oshkosh
Oshkosh;OSH;Wittman Field
Oskaloosa;OOA;Municipal
Otto;OTO;Vor
Ottumwa;OTM;Industrial
Ouzinkie;KOZ;Ouzinkie SPB
Owatonna;OWA;Owatonna
Owensboro;OWB;Daviess County
Oxford;OXC;Waterbury-Oxford
Oxford;UOX;University-Oxford
Oxford;OXD;Miami University
Ozark;OZR;Cairns AAF
Ozark;HEY;Hanchey Army Heliport
Ozark;LOR;Lowe Army Heliport
Ozona;OZA;Ozona Municipal
Pacific City;PFC;State
Pack Creek;PBK;Pack Creek
Paducah;PAH;Barkley Regional
Paf Warren;PFA;Paf Warren
Page;PGA;Page
Pagosa Springs;PGO;Stevens Field
Pahokee;PHK;Palm Beach Co Glades
Paimiut;PMU;SPB
Painesville;PVZ;Casement
Painter Creek;PCE;Painter Creek
Palacios;PSX;Palacios
Palestine;PSN;Palestine
Palm Springs;UDD;Bermuda Dunes
Palm Springs;PSP;Municipal
Palmdale;PMD;Air Force 42
Palmer;PAQ;Municipal
Palmer;PMX;Metropolitan
Palo Alto;PAO;Palo Alto
Pampa;PPA;Perry Lefors Field
Panama City;PFN;Bay County
Panama City;PAM;Tyndall AFB
Panguitch;PNU;Panguitch
Paonia;WPO;North Fork Valley
Paragould;PGR;Municipal
Paris;PHT;Henry County
Paris;PRX;Cox Field
Park Falls;PKF;Park Falls
Park Rapids;PKD;Park Rapids
Parkersburg;PKB;Wood County
Parks;KPK;Parks SPB
Parsons;PPF;Tri-City
Pasadena;JPD;Heliport
Pascagoula;PGL;Jackson County
Pasco;PSC;Tri-Cities
Paso Robles;PRB;Paso Robles
Patterson;PTN;Williams Memorial
Patuxent River;NHK;NAS
Pauloff Harbor;KPH;Pauloff Harbor SPB
Payson;PJB;Payson
Peach Springs;PGS;Peach Springs
Pecos City;PEQ;Pecos City
Pedro Bay;PDB;Pedro Bay
Pelican;PEC;Pelican SPB
Pell City;PLR;St Clair County
Pellston;PLN;Emmet County
Pembina;PMB;Intermediate
Pendleton;PDT;Pendleton
Pensacola;NDP;Ellyson NAS
Pensacola;NPA;Pensacola NAS
Pensacola;PNS;Regional
Pensacola;NUN;Saufley NAS
Peoria;PIA;Greater Peoria
Perry;FPY;Perry-Foley
Perry;PRO;Municipal
Perry Island;PYL;Perry SPB
Perryville;KPV;Perryville SPB
Peru;VYS;Illinois Valley Regnl
Peru;GUS;Grissom AFB
Petersburg;PSG;Municipal
Petersburg;FLE;Fort Lee AAF
Petersburg;PTB;Municipal
Petersburg;PGC;Grant County
Philadelphia;PHL;Philadelphia International
Philadelphia;MUV;Mustin Alf
Philadelphia;ZHC;N Philadelphia Rail St
Philadelphia;PNE;North Philadelphia
Philadelphia;ZFV;Philadelphia Rail
Philadelphia;PSQ;SPB
Philadelphia;ZTN;Trenton Rail STN
Philadelphia;TTN;Trenton-Mercer
Philip;PHP;Philip
Phoenix;LUF;Luke Afb
Phoenix;DVT;Phoenix-Deer Valley
Phoenix;SCF;Scottsdale Municipal
Phoenix;PHX;Sky Harbor Intl
Picayune;PCU;Pearl River County
Pickens;LQK;Pickens
Pierre;PIR;Pierre
Pilot Point;PIP;Pilot Point Arpt
Pilot Point;UGB;Ugashik Bay
Pilot Station;PQS;Pilot Station
Pine Bluff;PBF;Grider Field
Pine Mountain;PIM;Garden Harris County
Pine Ridge;XPR;Pine Ridge
Pittsburg;PTS;Municipal
Pittsburgh;AGC;Allegheny County
Pittsburgh;CVA;Civic Ar Heli
Pittsfield;PSF;Pittsfield
Placerville;PVF;Placerville
Plainview;PVW;Hale County
Platinum;PTU;Platinum
Plattsburgh;PBG;AFB
Plattsburgh;PLB;Clinton County
Pleasant Harbour;PTR;Pleasant Harbour
Pleasanton;JBS;Hacienda Bus.Park H/P
Plentywood;PWD;Sherwood
Plymouth;PLY;Plymouth
Plymouth;PYM;Plymouth
Pocahontas;POH;Municipal
Pocatello;PIH;Pocatello
Pohakuloa;BSF;Bradshaw AAF
Point Baker;KPB;Point Baker SPB
Point Hope;PHO;Point Hope
Point Lay;PIZ;Dew Station
Point Retreat;PRT;Coast Guard Heliport
Polacca;PXL;Polacca
Polk Inlet;POQ;Polk Inlet
Pompano Beach;PPM;Pompano Beach
Ponca City;PNC;Ponca City
Pontiac;PTK;Pontiac
Pope Vanoy;PVY;Pope Vanoy
Poplar Bluff;POF;Earl Fields Memorial
Porcupine Creek;PCK;Porcupine Creek
Port Alexander;PTD;Port Alexander
Port Alice;PTC;Port Alice
Port Alsworth;PTA;Port Alsworth
Port Angeles;CLM;Fairchild Intl
Port Armstrong;PTL;Port Armstrong
Port Bailey;KPY;Port Bailey SPB
Port Clarence;KPC;Port Clarence
Port Frederick;PFD;Port Frederick
Port Graham;PGM;Port Graham
Port Heiden;PTH;Port Heiden
Port Hueneme;NTD;Point Mugu NAS
Port Huron;PHN;St Clair County Intl
Port Johnson;PRF;Port Johnson
Port Lions;ORI;Port Lions SPB
Port Moller;PML;AFS
Port Oceanic;PRL;Port Oceanic
Port Protection;PPV;Port Protection
Port San Juan;PJS;Port San Juan
Port Townsend;TWD;Port Townsend
Port Walter;PWR;Port Walter
Port Williams;KPR;Port Williams SPB
Portage Creek;PCA;Portage Creek
Porterville;PTV;Porterville
Portland;PWM;Intl Jetport
Portland;PDX;Portland International
Portsmouth;PMH;Regional
Poteau;RKR;Robert S Kerr
Pottstown;PTW;Pottstown/Limerick
Poughkeepsie;POU;Dutchess County
Poulsbo;PUL;Poulsbo
Powell;POY;Powell
Prairie Du Chien;PCD;Municipal
Pratt;PTT;Pratt
Prentice;PRW;Prentice
Prescott;PRC;Prescott
Presque Isle;PQI;Municipal
Price;PUC;Carbon County
Princeton;PNN;Princeton
Princeton;PCT;Princeton
Princeton;ZTJ;Princeton JT Rail
Princeton;BLF;Princeton
Prineville;PRZ;Prineville
Prospect Creek;PPC;Prospect Creek
Providence;ZRV;Providence Rail
Providence;PVD;T. F. Green Airport
Provincetown;PVC;Provincetown
Provo;PVU;Provo
Prudhoe Bay;PUO;Prudhoe Bay
Prudhoe Bay/Deadhorse;SCC;Prudhoe Bay/Deadhorse
Pueblo;PUB;Memorial
Pullman;PUW;Pullman-Moscow Regional Airport
Punta Gorda;PGD;Charlotte County
Quakertown;UKT;Upper Bucks
Quantico;NYG;Quantanico Nas
Queen;UQE;Queen
Quillayute;UIL;Quillayute State
Quincy;UIN;Municipal
Quincy;MQI;Quincy
Quinhagak;KWN;Kwinhagak
Quonset Point;NCO;NAS
Racine;RAC;Horlick
Rail (Generic);XZU;Off line Point
Raleigh/Durham;RDU;Raleigh-Durham International Airport
Rampart;RMP;Rampart
Rancho;RBK;French Valley
Rangely;RNG;Rangely
Ranger;RGR;Ranger Municipal
Rapid City;RCA;Ellsworth AFB
Rapid City;RAP;Regional
Raspberry Strait;RSP;Raspberry Strait
Raton;RTN;Crews Field
Rawlins;RWL;Rawlins
Reading;RDG;Municipal/Spaatz Fld
Red Bluff;RBL;Red Bluff Fss
Red Devil;RDV;Red Devil
Red Dog;RDB;Red Dog
Red River;RDR;Grand Forks AFB
Redding;RDD;Redding
Redmond;RDM;Roberts Field
Redwood Falls;RWF;Redwood Falls Muni
Reed City;RCT;Miller Field
Reedsville;RED;Mifflin County
Refugio;RFG;Rooke Field
Rehoboth Beach;REH;Rehoboth Beach
Rensselaer;RNZ;Rensselaer
Renton;RNT;Renton
Rhinelander;RHI;Oneida County
Rice Lake;RIE;Rice Lake
Richfield;RIF;Reynolds
Richland;RLD;Richland
Richmond;RID;Richmond
Richmond;RIC;Intl (Byrd Field)
Richmond;ZRD;Richmond VA Rail
Rifle;RIL;Garfield County
Riverside;JRD;Heliport
Riverside;RIV;March AFB
Riverside;RIR;Riverside Fla-Bob
Riverside;RAL;Riverside Municipal
Riverton;RIW;Riverton
Roanoke;ROA;Municipal
Roanoke Rapids;RZZ;Halifax County
Roche Harbor;RCE;Roche Harbor
Rochester;RCR;Fulton County
Rochester;RST;Municipal
Rochester;JRC;Municipal Heliport
Rochester;ROC;Monroe County
Rochester;ZTE;Rochester NY Rail
Rock Hill;RKH;Rock Hill
Rock Springs;RKS;Sweetwater County
Rockdale;RCK;Coffield
Rockford;RMC;Machesney
Rockford;ZRF;Park & Ride Bus Svc
Rockford;ZRK;VanGalder Bus Termina
Rockland;RKD;Knox County Regional
Rockport;RKP;Aransas County
Rockwood;RKW;Municipal
Rocky Mount;RWI;Rocky Mount-Wilson
Rogers;ROG;Rogers
Rolla;RLA;National
Roma;FAL;Falcon State
Rome;RMG;Richard B Russell
Rome;RME;Griffiss AFB
Rome;REO;State
Roosevelt;ROL;Roosevelt
Rosario;RSJ;Rosario SPB
Roseau;ROX;Municipal
Roseburg;RBG;Municipal
Roswell;ROW;Industrial
Rotunda;RTD;Rotunda
Roundup;RPX;Roundup
Rouses Point;RSX;Rouses Point
Rowan Bay;RWB;Rowan Bay
Ruby;RBY;Ruby
Ruidoso;RUI;Municipal
Rupert;BYI;Rupert
Russell;RSL;Russell
Russian Mission;RSH;Russian SPB
Ruston;RSN;Ruston
Rutland;RUT;Rutland
Sacramento;SAC;Executive
Sacramento;MHR;Mather AFB
Sacramento;MCC;Mcclellan AFB
Sacramento;SMF;Sacramento International
Sacramento;SCK;Stockton
Safford;SAD;Safford
Saginaw;MBS;Tri City
Saginaw Bay;SGW;Saginaw Bay
Sagwon;SAG;Sagwon
Saint Cloud;STC;Municipal
Saint Cloud;JSK;Municipal Heliport
Saint George;SGU;Municipal
Saint Marys;KSM;Saint Marys
Saint Paul Island;SNP;Saint Paul Island
Salem;SLO;Leckrone
Salem;SLE;Mcnary Field
Salida;SLT;Salida
Salina;SLN;Salina
Salina;SBO;Salina
Salinas;SNS;Salinas
Salisbury;SRW;Rowan County
Salisbury-Ocean City;SBY;Wicomico Regional
Salmon;SMN;Salmon
Salt Lake City;SLC;International
Salton City;SAS;Salton City
San Angelo;GOF;Goodfellow AFB
San Angelo;SJT;Mathis Fld
San Antonio;SAT;San Antonio International
San Antonio;SKF;Kelly AFB
San Antonio;MDA;Martindale AAF
San Antonio;RND;Randolph AFB
San Antonio;SSF;Stinson Municipal
San Bernardino;SBD;Norton Afb
San Bernardino;SBT;Tri-City
San Carlos;SQL;San Carlos
San Diego;SDM;Brown Field Municipal
San Diego;CLD;Carlsbad
San Diego;SEE;Gillespie Field
San Diego;SAN;Lindberg Fld S. Diego
San Diego;NKX;Miramar MCAS
San Diego;MYF;Montgomery Field
San Diego;NZY;North Island Nas
San Francisco;JCC;China Basin Heliport
San Francisco;EMB;Embarkadero
San Francisco;SFO;San Francisco International
San Jose;SJC;Mineta San Jose International Airport
San Jose;RHV;Reid-Hillview
San Juan;WSJ;San Juan SPB
San Luis Obispo;SBP;County Airport
San Miguel;SYL;Roberts AAF
San Pedro;SPQ;Catalina SPB
San Rafael;SRF;Hamilton Field
San Rafael;JSG;San Rafael H/P
Sand Point;SDP;Municipal
Sandusky;SKY;Griffing Sandusky
Sandy River;KSR;Federal No 1
Sanford;SFM;Sanford
Santa Ana;JOC;Centerport Heliport
Santa Ana;DNT;Downtown Heliport
Santa Ana;SNA;John Wayne
Santa Barbara;SBA;Municipal
Santa Barbara;SZN;Santa Cruz Island
Santa Cruz;SRU;Skypark
Santa Fe;SAF;Santa Fe
Santa Fe;ZSH;Bus Station
Santa Maria;SMX;Public
Santa Monica;SMO;Santa Monica
Santa Paula;SZP;Santa Paula
Santa Rosa;STS;Sonoma County
Santa Ynez;SQA;Santa Ynez
Saranac Lake;SLK;Adirondack
Sarasota;SRQ;Sarasota-Bradenton International Airport
Saratoga;SAA;Shively Field
Sarichef;WSF;Sarichef
Sault Ste Marie;CIU;Chippewa County
Sault Ste Marie;INR;Kincheloe AFB
Sausalito;JMC;Marin County
Savannah;SVN;Hunter AAF
Savannah;SAV;Savannah/Hilton Head
Savoonga;SVA;Savoonga
Scammon Bay;SCM;SPB
Schaumburg;JMH;Marriott Heliport
Schenectady;SCH;County
Schenectady;ZTD;Schenectady Rail
Scottsbluff;BFF;Scotts Bluff County
Scranton;SCR;Municipal
Scribner;SCB;State
Seal Bay;SYB;Seal Bay
Searcy;SRC;Searcy
Seattle;BFI;Boeing Fld Intl
Seattle;LKE;Lake Union SPB
Seattle;SEA;Seattle/tacoma International
Sebring;SEF;Air Terminal
Sedalia;DMO;Sedalia
Sedona;SDX;Sedona
Selawik;WLK;Selawik
Seldovia;SOV;Seldovia
Selinsgrove;SEG;Penn Valley
Selma;SEM;Craig AFB
Selma;SES;Selfield
Sequim;SQV;Sequim Valley Arpt
Sewanee;UOS;Franklin County
Seward;SWD;Seward
Seymour;SER;Freeman Municipal
Shafter;MIT;Kern County
Shageluk;SHX;Shageluk
Shaktoolik;SKK;Shaktoolik
Shangri-la;NRI;Shangri-la
Shawnee;SNL;Municipal
Sheboygan;SBM;Memorial
Sheep Mountain;SMU;Sheep Mountain
Sheffield;MSL;Sheffield
Shelby;SBX;Shelby
Shelbyville;SYI;Bomar Field
Sheldon Point;SXP;Sheldon SPB
Shelton;SHN;Sanderson Field
Shemya;SYA;Shemya AFB
Sheridan;SHR;Sheridan
Sherman-Denison;PNX;Grayson County
Shirley;WSH;Brookhaven
Shishmaref;SHH;Shishmaref
Shoal Cove;HCB;Shoal Cove
Los Angless;SOW;Show Low
Shreveport;BAD;Barksdale AFB
Shreveport;DTN;Downtown
Shreveport;SHV;Regional
Shungnak;SHG;Shungnak
Sidney;SDY;Richland Municipal
Sidney;SNY;Sidney
Sidney;SXY;Sidney
Sierra Vista;FHU;Municipal
Sikeston;SIK;Memorial
Siloam Springs;SLG;Smith Field
Silver City;SVC;Grant County
Sioux City;SUX;Sioux Gateway
Sioux Falls;FSD;Regional(Jo Foss Fld)
Sitka;SIT;Sitka
Sitkinak Island;SKJ;Sitkinak Cgs
Skagway;SGY;Municipal
Skwentna;SKW;Intermediate
Sleetmute;SLQ;Sleetmute
Smith Cove;SCJ;Smith Cove
Smithfield;SFZ;North Central
Smyrna;MQY;Smyrna
Snyder;SNK;Winston Field
Socorro;ONM;Socorro
Soldotna;SXQ;Soldotna
Solomon;SOL;Solomon
Somerset;SME;Pulaski County
South Bend;SBN;South Bend Regional
South Lake Tahoe;TVL;South Lake Tahoe
South Naknek;WSN;South Naknek
South Weymouth;NZW;South Weymouth
Southern Pines;SOP;Pinehurst-S. Pines
Sparrevohn;SVW;Sparrevohn AFS
Sparta;SAR;Sparta Community
Sparta;CMY;Camp Mccoy AAF
Spartanburg;SPA;Downtown Memorial
Spearfish;SPF;Black Hills
Spencer;SPW;Municipal
Spirit Lake;RTL;Spirit Lake
Spokane;SKA;Fairchild AFB
Spokane;SFF;Felts Field
Spokane;GEG;International
Springdale;SPZ;Springdale Muni
Springfield;SPI;Capital
Springfield;ZSF;Springfield MA RR
Springfield;CEF;Westover Metro Arpt
Springfield;SGF;Springfield-Branson Rg
Springfield;SGH;Springfield
Springfield;VSF;State
St Augustine;UST;St Augustine
St George Island;STG;St George Island
St Johns;SJN;Municipal
St Joseph;STJ;Rosecrans Memorial
St Louis;CPS;Bi-State Parks
St Louis;STL;Lambert-St Louis Intl
St Louis;SUS;Spirit Of St Louis
St Marys;XSM;St Marys
St Marys;STQ;St Marys
St Michael;SMK;St Michael
St Paul;STP;Downtown
St Petersburg;PIE;International
St Petersburg;SPG;Whitted
Stanton;SYN;Carleton
State College;SCE;University Park
Statesboro;TBR;Municipal
Statesville;SVH;Municipal
Staunton;SHD;Shenandoah Valley
Steamboat Bay;WSB;SPB
Steamboat Springs;SBS;Steamboat Springs
Stebbins;WBB;Stebbins
Stephenville;SEP;Clark Field
Sterling;STK;Crosson Field
Sterling Rockfalls;SQI;Whiteside County
Stevens Point;STE;Stevens Point
Stevens Village;SVS;Stevens Village
Stillwater;SWO;Searcy Fld
Stony River;SRV;Stony River
Storm Lake;SLB;Municipal
Stow;MMN;Minute Man Airfield
Stowe;MVL;Morrisville-Stowe
Stratford;JSD;Sikorsky Heliport
Stroud;SUD;Stroud
Stuart;SUA;Witham Field
Stuart Island;SSW;Stuart Island
Sturgeon Bay;SUE;Door County
Sturgis;IRS;Kirsch Municipal
Stuttgart;SGT;Stuttgart
Sugar Land;SGR;Sugar Land Municipal
Sullivan;SIV;County
Sulphur Springs;SLR;Sulphur Springs
Summit;UMM;Summit
Sumter;SUM;Municipal
Sumter;SSC;Shaw AFB
Sun River;SUO;Sun River
Sun Valley;SUN;Sun Valley
Sundance;SUC;Schloredt
Superior;SUW;Richard I Bong Arpt
Susanville;SVE;Susanville
Sweetwater;SWW;Sweetwater
Sylvester;SYV;Sylvester
Syracuse;SYR;Syracuse Hancock International Airport
Syracuse;ZYQ;Syracuse NY Rail
Tacoma;GRF;Gray AAF
Tacoma;TIW;Industrial
Tacoma;TCM;Mc Chord AFB
Tahneta Pass Lodge;HNE;Tahneta Pass
Takotna;TCT;Takotna
Taku Lodge;TKL;Taku SPB
Talkeetna;TKA;Talkeetna
Talladega;ASN;Talladega
Tallahassee;TLH;Tallahassee Regional Airport
Tampa;TPA;Tampa International
Tampa;MCF;Mac Dill AFB
Tampa;KYO;Topp Of Tampa
Tanacross;TSG;Intermediate
Tanalian Point;TPO;Tanalian Point
Tanana;TAL;Ralph Calhoun
Taos;TSM;Taos
Tatalina;TLJ;Tatalina AFS
Tatitlek;TEK;Tatitlek
Taylor;TWE;Taylor
Taylor;TYZ;Taylor
Tehachapi;TSP;Kern County
Telida;TLF;Telida
Teller;TLA;Teller
Teller Mission;KTS;Brevig Mission
Telluride;TEX;Telluride
Telluride;ZTL;Bus Station
Temple;TPL;Draughon-Miller
Tenakee Springs;TKE;Tenakee SPB
Terre Haute;HUF;Hulman Field
Terrell;TRL;Terrell Field
Teterboro;TEB;Teterboro
Tetlin;TEH;Tetlin
Texarkana;TXK;Municipal
The Dalles;DLS;The Dalles
Thermal;TRM;Thermal
Thermopolis;THP;Hot Springs
Thief River Falls;TVF;Regional
Thomasville;TVI;Municipal
Thompsonfield;THM;Thompsonfield
Thorne Bay;KTB;Thorne Bay
Thousand Oaks;JTO;Heliport
Three Rivers;HAI;Dr Haines
Tifton;TMA;Henry Tift Myers
Tikchik;KTH;SPB
Tin City;TNC;Tin City AFS
Tioga;VEX;Municipal
Titusville;TIX;Space Center Exect.
Toccoa;TOC;Toccoa
Togiak Fish;GFB;Togiak Fish
Togiak Village;TOG;Togiak Village
Tok;TKJ;Tok
Tokeen;TKI;Tokeen
Toksook Bay;OOK;Toksook Bay
Toledo;TDZ;Toledo
Toledo;TOL;Express
Toledo;TDO;Winlock
Toms River;MJX;Robert J. Miller
Tonopah;XSD;Test Range
Tonopah;TPH;Tonopah Arpt
Topeka;FOE;Forbes AFB
Topeka;TOP;Philip Billard
Torrance;TOA;Torrance
Torrington;TOR;Municipal
Traverse City;TVC;Traverse City
Tree Point;TRP;Coast Guard Heliport
Tremonton;TRT;Tremonton
Trenton;TRX;Memorial
Trinidad;TAD;Las Animas
Trona;TRH;Trona
Troutdale;TTD;Troutdale
Troy;TOI;Municipal
Truckee;TKF;Truckee
Truth Or Consequences;TCS;Municipal
Tuba City;TBC;Tuba City
Tucson;AVW;Avra Valley
Tucson;DMA;Davis Monthan AFB
Tucson;TUS;International
Tucumcari;TCC;Tucumcari
Tulare;TLR;Tulare
Tullahoma;TUH;Arnold AFS
Tullahoma;THA;Northern
Tulsa;TUL;International
Tulsa;RVS;R.Lloyd Jones
Tuluksak;TLT;Tuluksak
Tuntutuliak;WTL;Tuntutuliak
Tununak;TNK;Tununak
Tupelo;TUP;Lemons Municipal
Tuscaloosa;TCL;Van De Graaf
Tuskegee;TGE;Sharpe Field
Tuxekan Island;WNC;Nichen Cove SPB
Twentynine Palms;TNP;Twentynine Palms
Twin Falls;TWF;City County
Twin Hills;TWA;Twin Hills
Tyler;TYR;Pounds Field
Tyonek;TYE;Tyonek
Uganik;UGI;Uganik
Ugashik;UGS;Ugashik
Ukiah;UKI;Ukiah
Umiat;UMT;Umiat
Umnak Island;UMB;North Shore
Umnak Island;UNS;Umnak
Unalakleet;UNK;Unalakleet
Union City;UCY;Everett-Stewart
Upland;CCB;Cable
Upland;JUP;Cable Heliport
Upolu Point;UPP;Upolu Point
Utica;UIZ;Berz-Macomb
Utica;UCA;Oneida County
Utica;ZUA;Utica NNY Rail
Utopia Creek;UTO;Indian Mountain AFS
Uvalde;UVA;Garner Fld
Vail/Eagle;ZBV;Beaver Creek Van Svce.
Vail/Eagle;EGE;Eagle County
Vail/Eagle;QBF;Vail Van Service
Valdez;VDZ;Municipal
Valdosta;VAD;Moody AFB
Valdosta;VLD;Regional
Valentine;VTN;Miller Field
Valle;VLE;J t Robidoux
Vallejo;VLO;Stolport
Valparaiso;EGI;Duke Field
Valparaiso;VPS;Ft. Walton Beach
Valparaiso;VPZ;Porter County
Van Horn;VHN;Culberson County
Vandalia;VLA;Vandalia
Venetie;VEE;Venetie
Venice;VNC;Venice
Ventura;OXR;Ventura
Vernal;VEL;Vernal
Vero Beach;VRB;Municipal
Versailles;VRS;Versailles
Vichy;VIH;Rolla National
Vicksburg;VKS;Vicksburg
Victoria;VCT;County-Foster
Victorville;VCV;George AFB
Vidalia;VDI;Municipal
View Cove;VCB;View Cove
Vincennes;OEA;Oneal
Visalia;VIS;Visalia
Waco;CNW;James Connall
Waco;ACT;Municipal
Wahiawa;HHI;Wheeler AFB
Wahpeton;WAH;Wahpeton
Waikoloa;WKL;Waikoloa Airport
Waimanalo;BLW;Bellows Field
Wainwright;AIN;Wainwright
Waldron Island;WDN;Waldron Island
Wales;WAA;Wales
Walla Walla;ALW;Walla Walla
Walnut Ridge;ARG;Walnut Ridge
Walterboro;RBW;Municipal
Waltham;WLM;Waltham
Wapakoneta;AXV;Neil Armstrong
Ware;UWA;Ware
Warrensburg;SZL;Whiteman AFB
Warroad;RRT;Warroad
Baltimore;BWI;Balt/wash International
Washington;BOF;Bolling AFB
Washington;BZS;Buzzards Pt S
Dulles, DC;IAD;Washington Dulles Intl
Washington;ZRZ;New Carrolton RR
Washington;JPN;Pentagon Army
Washington;DCA;Ronald Reagan National
Leesburg;ZWU;Reagan National
Washington;OCW;Warren Field
Washington;WSG;County
Wasilla;WWA;Wasilla
Waterfall;KWF;Waterfall SPB
Waterloo;ALO;Waterloo
Watertown;ART;Watertown
Watertown;ATY;Watertown
Waterville;WVL;Robert Lafleur
Watsonville;WVI;Watsonville
Waukegan;UGN;Memorial
Waukesha;UES;Waukesha
Waukon;UKN;Municipal
Wausau;CWA;Central Wisconsin
Wausau;AUW;Municipal
Waycross;AYS;Ware County
Waynesburg;WAY;Green County
Weatherford;WEA;Parker County
Webster City;EBS;Municipal
Weeping Water;EPG;Browns
Wells;LWL;Harriet Field
Wellsville;ELZ;Municipal
Wenatchee;EAT;Pangborn Field
Wendover;ENV;Wendover
West Bend;ETB;West Bend
West Kavik;VKW;West Kavik
West Kuparuk;XPU;West Kuparuk
West Memphis;AWM;Municipal
West Palm Beach;PBI;International
West Palm Beach;LNA;Palm Beach County Park
West Point;KWP;Village SPB
West Yellowstone;WYS;Yellowstone
Westchester County;ZTF;Stamford Rail STN
Westchester County;HPN;Westchester County Apt
Westerly;WST;Westerly State
Westfield;BAF;Barnes
Westhampton;FOK;Suffolk County
Westsound;WSX;Westsound
Whale Pass;WWP;Whale Pass
Wharton;WHT;Wharton
Wheatland;EAN;Phifer Field
Wheeling;HLG;Ohio County
Whidbey Island;NUW;Ault Field
White Mountain;WMO;White Mountain
White River;WTR;White River
White River;LEB;White River
White Sands;WSD;Condron AAF
White Sulphur Springs;SSU;Greenbrier
Whitefield;HIE;Regional
Whitehouse;NEN;Olf Usn
Whitesburg;BRG;Municipal
Wichita;BEC;Beech
Wichita;CEA;Cessna Aircraft Field
Wichita;IAB;Mcconnell AFB
Wichita;ICT;Mid-Continent
Wichita Falls;KIP;Kickapoo
Wichita Falls;SPS;Sheppard AFB
Wildman Lake;EWD;Wildman Lake
Wildwood;WWS;USAF Heliport
Wildwood;WWD;Cape May County
Wilkes-Barre;AVP;International
Wilkes-Barre;WBW;Wyoming Valle
Wilkesboro;IKB;Wilkes County
Williamsburg;PHF;Newport News/Williamsb
Williamsport;IPT;Lycoming County
Williston;ISN;Sloulin Field Intl
Willmar;ILL;Willmar
Willoughby;LNN;Lost Nation
Willow;WOW;Willow
Willow Grove;NXX;Willow Grove NAS
Willows;WLW;Glenn County
Wilmington;ILG;Greater Wilmington
Wilmington;ZWI;Wilmington Rail
Wilmington;ILM;New Hanover County
Wilmington;ILN;Clinton Field
Winchester;WGO;Municipal
Winder;WDR;Winder
Windsor Locks;BDL;Bradley International
Winfield;WLD;Arkansas City
Wink;INK;Wink
Winnemucca;WMC;Winnemucca
Winona;ONA;Municipal
Winslow;INW;Winslow
Winston Salem;INT;Smith-Reynolds
Winter Haven;GIF;Gilbert Field
Winter Park;QWP;Van Service
Wiscasset;ISS;Wiscasset
Wisconsin Rapids;ISW;Alexander Field
Wise;LNP;Wise
Wiseman;WSM;Wiseman
Woburn;WBN;Cummings Park
Wolf Point;OLF;International
Wood River;WOD;Wood River
Woodchopper;WOO;Woodchopper
Woodward;WWR;West Woodward
Wooster;BJJ;Wayne County
Worcester;ORH;Worcester
Worland;WRL;Worland
Worthington;OTG;Worthington
Wrangell;WRG;Wrangell SPB
Wrench Creek;WRH;Wrench Creek
Yakataga;CYT;Intermediate
Yakima;FCT;Firing Center AAF
Yakima;YKM;Yakima Air Terminal
Yakutat;YAK;Yakutat
Yankton;YKN;Chan Gurney
Yerington;EYR;Yerington
Yes Bay;WYB;SPB
York;THV;York
Yosemite Ntl Park;OYS;Yosemite Ntl Park
Youngstown;YNG;Youngstown
Yreka;RKC;Yreka
Yucca Flat;UCC;Yucca Flat
Yuma;YUM;International
Yuma;LGF;Laguna AAF
Zachar Bay;KZB;Zachar Bay SPB
Zanesville;ZZV;Zanesville
Zephyrhills;ZPH;Zephyrhills
Zwara;WAX;Zwara
Chicago;ORD;Ohare International
Newark;EWR;Newark International Airport
Allentown;ABE;Lehigh Valley International
Buffalo;BUF;Buffalo Niagara International
Hendersonville;0A7;Hendersonville Airport
New Orleans;MSY;Louis Armstrong New Orleans International Airport
Pittsburgh;PIT;Pittsburgh International Airport
